category,n,pct
restaurant,3386033,3.9297510802009814
shopping,2072302,2.40506546244607
health_and_medical,2066542,2.3983805405265386
professional_services,1749215,2.030098211019727
beauty_and_spa,1564282,1.8154692760640405
retail,1553349,1.8027806907608739
accommodation,1542071,1.7896917064885685
beauty_salon,1181643,1.3713873596807615
bar,1164987,1.3520567937967825
automotive,1048820,1.2172360777158382
education,1043770,1.2113751652690268
school,1034248,1.200324153720801
cafe,1012215,1.17475316680187
religious_organization,883796,1.0257130647212553
fast_food_restaurant,862210,1.0006608555971215
grocery_store,858957,0.996885499519997
real_estate,849830,0.9862929157770169
diner,782423,0.9080619206676639
doctor,767823,0.8911175005244066
clothing_store,748275,0.8684305467599959
community_services_non_profits,746888,0.8668208268463864
landmark_and_historical_building,740168,0.8590217512735995
business_to_business,738585,0.8571845583224504
active_life,738314,0.8568700420307502
hotel,727407,0.8442116317223592
topic_concert_venue,705498,0.8187845563169739
coffee_shop,628376,0.7292785583520218
arts_and_entertainment,627456,0.7282108277676522
sports_and_recreation_venue,624409,0.724674550495289
travel,602065,0.6987426242157722
church_cathedral,549584,0.6378343972610947
automotive_dealer,520958,0.6046117280130887
financial_service,511791,0.5939727212012229
spas,480049,0.5571336948870259
asian_restaurant,476276,0.5527548389143881
womens_clothing_store,473270,0.5492661452876326
public_service_and_government,456587,0.5299042438321556
contractor,450519,0.5228618642822046
hospital,448321,0.5203109166469387
automotive_repair,444490,0.515864747224417
event_planning,437023,0.5071987208401907
home_improvement_store,423649,0.491677167758278
eat_and_drink,419645,0.48703021856282586
public_and_government_association,418670,0.4858986562587384
real_estate_agent,411935,0.47808217203511927
motel,391282,0.454112780992743
pub,387169,0.4493393289345773
attractions_and_activities,373925,0.433968650826543
sports_club_and_league,368978,0.42822727778211184
elementary_school,363331,0.42167350103218215
fashion,362368,0.42055586564876035
real_estate_service,358657,0.41624896543289547
convenience_store,349732,0.4058908181877877
hair_salon,347130,0.4028709975567771
gym,343532,0.398695242510514
commercial_industrial,337606,0.39181766485510705
park,328132,0.3808223609895439
supermarket,327051,0.37956777755290955
fashion_accessories_store,319978,0.37135901839720686
pet_services,316221,0.36699873165212343
barber,304850,0.3538018137446591
transportation,304730,0.3536625445380021
lodge,295779,0.34327422229811877
construction_services,295170,0.34256743107433496
legal_services,284741,0.33046377643912733
medical_service_organizations,274716,0.3188289947996646
automotive_services_and_repair,264979,0.3075284592561785
automotive_parts_and_accessories,258803,0.30036073742023617
social_service_organizations,256309,0.29746625907521673
fountain,252476,0.2930177684992506
desserts,249089,0.28908689514135927
electronics,244007,0.28318884423943913
printing_services,243988,0.28316679328171845
tours,242631,0.28159189066977325
sports_and_fitness_instruction,242350,0.2812657686108516
medical_center,236056,0.2739610987216967
dentist,235377,0.273173067127363
american_restaurant,226599,0.26298552466041003
central_government_office,226073,0.2623750613045639
college_university,224881,0.2609916538517719
bakery,224011,0.25998195210350933
home_service,219147,0.25433690692701594
delicatessen,217906,0.252896631214839
business_to_business_services,217292,0.2521840371074445
naturopathic_holistic,216488,0.25125093342284316
day_care_preschool,212982,0.24718195143501714
business_advertising,211191,0.24510335852566276
industrial_company,209486,0.2431245752144125
home_and_garden,209331,0.24294468582248063
building_supply_store,207716,0.24107035441622307
industrial_equipment,205625,0.2386435884902264
monument,203914,0.2366578417186433
general_dentistry,202577,0.23510615064114088
public_school,201755,0.23415215657554106
bar_and_grill_restaurant,200768,0.23300666735078795
counseling_and_mental_health,200557,0.23276178566241623
cosmetic_and_beauty_supplies,200517,0.2327153625935306
car_dealer,199959,0.23206776078257596
specialty_school,195831,0.22727690007357826
italian_restaurant,192693,0.22363501031950006
auto_company,192505,0.22341682189573756
furniture_store,191564,0.22232471920020294
it_service_and_computer_repair,189907,0.22040164357161546
hardware_store,188692,0.2189915428542142
flowers_and_gifts_shop,186727,0.2167110095952073
food,179993,0.2088956859483104
home_goods_store,176154,0.20444023191201138
japanese_restaurant,176138,0.20442166268445713
health_food_store,175849,0.2040862560117584
event_photography,175639,0.20384253490010878
campus_building,171925,0.19953215295407745
engineering_services,171341,0.19885437614834714
advertising_agency,170589,0.19798162245329717
high_school,169355,0.19654947077817528
structure_and_geography,168885,0.19600399971876903
mountain,168880,0.19599819683515834
banks,168651,0.19573242476578806
information_technology_company,167104,0.1939370125766361
travel_company,166241,0.19293543486542847
pharmacy,165220,0.19175048603212258
business_equipment_and_supply,163380,0.1896150248633833
business_manufacturing_and_supply,163317,0.18954190852988842
community_center,162335,0.18840222218874603
holiday_rental_home,161340,0.1872474483502158
farm,159347,0.18493441894298898
business,153689,0.17836787584911565
sporting_goods,152936,0.17749396157734354
smoothie_juice_bar,152441,0.1769194760998838
wholesale_store,150448,0.17460644669265693
european_restaurant,150381,0.1745286880522735
bank_credit_union,148315,0.17213093654433034
latin_american_restaurant,147987,0.17175026737946814
pizza_restaurant,147512,0.1711989934364512
preschool,147183,0.17081716369486682
travel_services,144857,0.16811766223916705
stadium_arena,143928,0.16703948646429814
tea_room,140404,0.16294961409547357
auto_body_shop,136699,0.15864967733994143
lounge,135452,0.1572024381674317
burger_restaurant,135354,0.1570887016486619
arts_and_crafts,131689,0.15283518796201542
agriculture,131167,0.15222936691305788
mens_clothing_store,127603,0.14809307147534764
auto_detailing,126451,0.1467560870914413
marketing_agency,125268,0.14538312482914859
seafood_restaurant,124503,0.1444952836367108
thai_restaurant,124103,0.14403105294785443
boutique,124051,0.1439707029583031
computer_hardware_company,121963,0.14154741876247287
breakfast_and_brunch_restaurant,121798,0.1413559236033196
bed_and_breakfast,120271,0.13958372294861043
public_relations,120104,0.1393899066360129
telecommunications_company,117210,0.13603119760213708
used_car_dealer,116884,0.13565284959071916
mobile_phone_store,116033,0.13466519880017722
agricultural_service,113557,0.1317916108361563
freight_and_cargo_service,113149,0.1313180955335228
barbecue_restaurant,112790,0.1309014484902742
middle_school,111691,0.12962597467264134
beer_bar,110629,0.12839344219372767
mexican_restaurant,109833,0.12746962312290352
skin_care,109392,0.12695780878843937
food_delivery_service,109384,0.12694852417466224
lawyer,109256,0.12679997035422821
food_stand,109255,0.12679880977750607
family_practice,109213,0.12675006555517615
chicken_restaurant,106695,0.12382773336882531
accountant,106448,0.12354107091845652
chinese_restaurant,106047,0.123075679652878
charity_organization,105410,0.12233639228087423
shoe_store,105222,0.12211820385711174
inn,104366,0.12112475018295912
hvac_services,104086,0.12079978870075966
shopping_center,103090,0.11964385428550732
music_venue,102890,0.1194117389410791
property_management,102481,0.11893706306172348
superstore,102447,0.11889760345317069
gas_station,101627,0.11794593054101515
interior_design,101213,0.1174654517780488
non_governmental_association,100353,0.11646735579700762
graphic_designer,99314,0.11526151658270319
consultant_and_general_service,98308,0.11409397640022942
cottage,97827,0.11353573899687965
department_store,97100,0.11269199971988321
wedding_planning,96143,0.11158132779679433
dance_club,96040,0.11146178839441381
candy_store,93992,0.10908492726746924
tanning_salon,93630,0.10866479849405422
mailbox_center,93538,0.10855802543561724
museum,92857,0.10776767268783928
landscaping,91857,0.10660709596569835
investing,91239,0.10588985955141528
nursery_and_gardening,91204,0.10584923936614035
home_developer,89151,0.10346657535558505
computer_store,88124,0.10227466306194631
sandwich_shop,87986,0.10211450347429087
fitness_trainer,87686,0.1017663304576486
screen_printing_t_shirt_printing,87198,0.10119996901724383
home_cleaning,87112,0.10110015941913972
jewelry_store,86772,0.10070556333361179
mediterranean_restaurant,86330,0.10019258842242551
physical_therapy,86313,0.1001728586181491
beach,86082,0.09990476539533455
massage,86039,0.0998548605962825
optometrist,85318,0.09901808477961889
private_school,84162,0.097676458088824
psychotherapist,83927,0.09740372255912087
steakhouse,80387,0.09329528096274202
print_media,80102,0.09296451659693186
rental_service,79871,0.09269642337411732
river,79079,0.0917772466101817
sign_making,78997,0.09168207931896616
ice_cream_shop,77701,0.09017797188707152
private_establishments_and_corporates,77629,0.09009441036307737
tire_dealer_and_repair,76856,0.08919728455686245
liquor_store,76653,0.08896168748226783
architectural_designer,76494,0.08877715578344743
atms,76104,0.08832453086181247
educational_services,76068,0.0882827500998154
pet_store,75792,0.08796243092450451
cocktail_bar,75367,0.08746918581759461
laboratory_testing,75177,0.08724867624038785
livestock_breeder,74882,0.08690630610735628
internet_service_provider,74692,0.08668579653014949
eyewear_and_optician,73673,0.0855031688502879
shipping_center,73578,0.0853929140616845
food_beverage_service_distribution,73440,0.08523275447402907
post_office,73338,0.0851143756483707
childrens_clothing_store,73211,0.0849669824046588
beer_garden,73170,0.08491939875905102
theatre,72976,0.08469424687495568
energy_company,72864,0.0845642622820759
jewelry_and_watches_manufacturer,72856,0.08455497766829877
art_gallery,72375,0.083996740264949
plumbing,71989,0.08354875765020259
software_development,71740,0.08325977404638951
web_designer,71399,0.08286401738413944
storage_facility,71313,0.08276420778603533
installment_loans,70997,0.08239746554183881
financial_advising,70072,0.08132393207385846
business_banking_service,69553,0.08072159275506731
fruits_and_vegetables,68699,0.07973046023435897
amusement_park,68548,0.07955521314931568
hair_removal,66858,0.07759383848889755
town_hall,66755,0.07747429908651703
medical_supply,65949,0.07653887424847144
discount_store,65930,0.07651682329075077
specialty_grocery_store,65672,0.07621739449643841
vitamins_and_supplements,65539,0.07606303779239366
sushi_restaurant,64284,0.07460651400610682
caterer,64079,0.07436859577806793
nail_salon,63995,0.0742711073334081
lake,63337,0.07350744785023937
audio_visual_equipment_store,63283,0.07344477670724375
cabin,63172,0.07331595269108611
theme_restaurant,63116,0.07325096039464622
trusts,62898,0.0729979546692195
motorcycle_dealer,62873,0.07296894025116599
retirement_home,61909,0.07185014429102214
catholic_church,61306,0.07115031652757116
electrician,60957,0.07074527525154399
cosmetic_dentist,60802,0.07056538585961214
drugstore,60130,0.06978547830233343
evangelical_church,59772,0.06936999183580699
outdoor_gear,58728,0.06815834973789187
occupational_therapy,58712,0.06813978051033762
mass_media,58529,0.06792739497018582
massage_therapy,58095,0.06742370467277667
gastropub,57995,0.06730764700056258
public_plaza,57975,0.06728443546611976
thrift_store,57492,0.0667238769093257
amateur_sports_team,57151,0.06632812024707564
carpenter,57137,0.06631187217296566
sports_wear,55999,0.0649911358631693
tutoring_center,55990,0.06498069067267004
gardener,55527,0.06444334365031879
b2b_machinery_and_tools,54717,0.06350327650538465
broadcasting_media_production,54623,0.0633941822935034
corporate_office,54457,0.06320152655762801
hostel,53637,0.06224985364547246
auto_customization,53230,0.0617774989195611
fire_protection_service,53120,0.0616498354801256
cupcake_shop,53108,0.061635908559459905
business_storage_and_transportation,52920,0.06141772013569742
hair_supply_stores,52871,0.06136085187631251
pets,52776,0.06125059708770912
commercial_real_estate,52759,0.06123086728343273
history_museum,52694,0.06115542979649356
indian_restaurant,52233,0.0606204039275866
senior_citizen_services,52217,0.06060183470003235
funeral_services_and_cemeteries,51890,0.06022232611189227
hobby_shop,51842,0.060166618429229504
car_wash,51409,0.05966408870854249
resort,51250,0.05947955700972208
middle_eastern_restaurant,51249,0.059478396432999944
b2b_science_and_technology,51139,0.05935073299356444
police_department,50253,0.05832246201774758
veterinarian,50172,0.05822845530325417
appliance_repair_service,49752,0.05774101307995499
employment_agencies,49162,0.05705627281389185
dry_cleaning,49076,0.05695646321578772
motorcycle_repair,48564,0.05636224793405157
spanish_restaurant,48480,0.05626475948939173
commercial_vehicle_dealer,48386,0.05615566527751049
business_management_services,48380,0.05614870181717764
b2b_medical_support_services,48218,0.055960688388190814
b2b_textiles,47524,0.055155248143025026
taco_restaurant,47511,0.05514016064563718
auto_manufacturers_and_distributors,47221,0.05480359339621632
campground,46920,0.0544542598028519
vietnamese_restaurant,46812,0.054328917516860684
wine_bar,46732,0.05423607137908941
pool_cleaning,46720,0.05422214445842372
law_enforcement,46105,0.05350838977430705
bookstore,45208,0.05246735245454665
performing_arts,45206,0.05246503130110237
art_school,45195,0.052452264957158816
insurance_agency,44941,0.05215747846973503
brazilian_restaurant,44732,0.051914917934807576
texmex_restaurant,44304,0.05141819109773126
psychologist,44267,0.05137524975901205
youth_organizations,44253,0.051359001684902074
automobile_leasing,44223,0.051324184383237846
makeup_artist,44127,0.051212769017912316
wholesaler,44084,0.05116286421886026
farmers_market,43985,0.05104796712336831
surgeon,43645,0.0506533710378404
urban_farm,43376,0.050341175899584485
french_restaurant,43337,0.050295913407421
meat_wholesaler,43316,0.050271541296256037
toy_store,43262,0.05020887015326042
engine_repair_service,42930,0.04982355868150964
bridal_shop,42572,0.049408072214983195
tapas_bar,42456,0.04927344531521484
chemical_plant,42405,0.04921425590238566
vocational_and_technical_school,42348,0.04914810302922363
butcher_shop,42140,0.04890670307101831
national_park,42024,0.04877207617124996
indonesian_restaurant,41873,0.04859682908620669
rv_park,41126,0.04772987827476742
b2b_energy_and_mining,41009,0.04759409079827693
orthodontist,40904,0.04747223024245214
metal_fabricator,40625,0.04714842933697482
speech_therapist,40504,0.04700799955359577
utility_service,40258,0.046722497679949106
ambulance_and_ems_services,40110,0.046550732325072244
agricultural_cooperatives,39997,0.04641958715547032
gift_shop,39883,0.04628728140914626
windows_installation,39505,0.04584858340817699
noodles_restaurant,39480,0.04581956899012347
motorsport_vehicle_dealer,39213,0.045509695005311844
tobacco_shop,38735,0.044954939332128484
buddhist_temple,38187,0.04431894328839526
cultural_center,38093,0.04420984907651401
mortgage_broker,38088,0.04420404619290331
internet_marketing_service,38037,0.044144856780074127
diagnostic_services,37977,0.04407522217674567
art_museum,37961,0.04405665294919141
clothing_company,37528,0.043554123228504396
ceiling_and_roofing_repair_and_service,37396,0.04340092710118179
metal_supplier,37317,0.04330924154013266
health_spa,37092,0.04304811177765096
buffet_restaurant,37067,0.043019097359597434
comic_books_store,36582,0.042456217649359085
life_coach,36533,0.04239934938997418
business_consulting,36507,0.042369174395198515
garbage_collection_service,36461,0.04231578786598004
food_truck,36282,0.04210804463271681
surgical_appliances_and_supplies,36170,0.04197806003983703
turkish_restaurant,36095,0.04189101678567646
books_mags_music_and_video,35998,0.04177844084362879
public_utility_company,35995,0.041774959113462365
home_security,35977,0.04175406873246383
library,35908,0.04167398893863611
personal_care_service,35832,0.0415857851077534
korean_restaurant,35718,0.04145347936142933
day_spa,35374,0.041054240969012855
bicycle_shop,35157,0.04080239582030828
souvenir_shop,35050,0.040678214111039196
sewing_and_alterations,34954,0.04056679874571367
parking,34775,0.04035905551245045
beauty_product_supplier,34713,0.04028709975567771
machine_shop,34684,0.04025344303073562
pet_groomer,34383,0.03990410943737121
chiropractor,34349,0.03986464982881842
fabric_store,34227,0.03972305946871722
car_inspection,34067,0.039537367193174675
football_stadium,34057,0.039525761425953265
service_apartments,33932,0.03938068933568565
television_service_providers,33833,0.039265792240193706
glass_and_mirror_sales_service,33736,0.039153216298146026
used_vintage_and_consignment,33374,0.03873308752473102
organization,33193,0.03852302313802351
carpet_store,33046,0.0383524183598688
car_buyer,32894,0.03817601069810338
appliance_store,32812,0.038080843406887825
party_supply,32731,0.03798683669239441
furniture_assembly,32655,0.0378986328615117
health_food_restaurant,32639,0.03788006363395745
cinema,32502,0.03772106462302414
kiosk,32159,0.0373229868073298
laundromat,32083,0.03723478297644709
train_station,31895,0.0370165945526846
brake_service_and_repair,31710,0.036801887859088535
tattoo_and_piercing,31570,0.036639407117988805
brokers,31341,0.03637363504861853
coffee_roastery,31299,0.03632489082628861
solar_installation,31260,0.03627962833412512
metals,31253,0.036271504297070135
antique_store,31141,0.03614151970419035
iron_and_steel_industry,31080,0.03607072452413976
painting,30922,0.03588735340204149
swimming_pool,30752,0.03569005535927753
masonry_concrete,30681,0.03560765441200552
playground,30488,0.035383663104632326
nutritionist,30447,0.03533607945902455
airport,30373,0.03525019678158612
island,30319,0.03518752563859052
vegetarian_restaurant,30289,0.03515270833692628
roadside_assistance,30271,0.03513181795592775
religious_school,30040,0.0348637247331132
hybrid_car_repair,30028,0.03484979781244751
exhaust_and_muffler_repair,30023,0.0348439949288368
b2b_electronic_equipment,29864,0.03465946323001639
nurse_practitioner,29717,0.03448885845186168
aquatic_pet_store,29597,0.034349589245204766
auto_restoration_services,29438,0.03416505754638437
janitorial_services,29067,0.03373448358247008
oil_change_station,28904,0.03354530957676111
political_organization,28826,0.03345478459243412
german_restaurant,28664,0.0332667711634473
media_news_company,28486,0.03306018850690621
credit_union,28465,0.03303581639574125
countertop_installation,28392,0.03295109429502496
office_equipment,28325,0.032873335654641525
internal_medicine,28221,0.03275263567553886
wildlife_sanctuary,28196,0.03272362125748535
pediatric_dentist,28109,0.032622651082659083
internet_cafe,28029,0.03252980494488781
organic_grocery_store,27992,0.03248686360616859
topic_publisher,27805,0.03226983575912824
real_estate_investment,27700,0.032147975203303446
pentecostal_church,27491,0.03190541466837599
yoga_studio,27413,0.031814889684049004
b2b_agriculture_and_food,27133,0.031489928201849544
educational_research_institute,27010,0.03134717726502621
environmental_conservation_and_ecological_organizations,26867,0.03118121479376006
martial_arts_club,26597,0.030867859078782013
car_rental_agency,26592,0.03086205619517131
language_school,26576,0.030843486967617056
criminal_defense_law,26575,0.03084232639089491
nature_reserve,26365,0.03059860527924532
environmental_conservation_organization,26252,0.030467460109643397
motorsports_store,26075,0.030262038029824453
divorce_and_family_law,26061,0.030245789955714482
medical_research_and_development,26018,0.030195885156662418
test_preparation,25940,0.030105360172335432
womens_health_clinic,25895,0.030053134219839087
wholesale_grocer,25528,0.02962720256281337
b2b_jewelers,25496,0.029590064107704865
bike_repair_maintenance,25371,0.02944499201743725
environmental_and_ecological_services_for_businesses,25212,0.02926046031861684
arcade,24987,0.028999330556135135
cleaning_services,24955,0.028962192101026626
armed_forces_branch,24802,0.028784623862539063
british_restaurant,24735,0.028706865222155625
baptist_church,24715,0.028683653687712803
halal_restaurant,24526,0.028464304687228173
party_and_event_planning,24470,0.028399312390788276
taxi_service,24437,0.028361013358957632
comfort_food_restaurant,24434,0.02835753162879121
social_media_agency,24324,0.02822986818935571
brewery,24153,0.028031409569869607
soccer_field,24117,0.027989628807872535
eye_care_clinic,24053,0.027915351897655517
dance_school,24028,0.02788633747960199
salad_bar,23957,0.027803936532329987
comedy_club,23667,0.02746736928290912
lumber_store,23593,0.027381486605470694
oral_surgeon,23507,0.027281677007366573
emergency_room,23464,0.027231772208314516
marketing_consultant,23380,0.027134283763654676
home_health_care,23372,0.027124999149877548
pediatrician,23347,0.02709598473182403
auto_parts_and_supply_store,23341,0.027089021271491185
damage_restoration,23194,0.026918416493336466
photography_store_and_services,22835,0.026501769450087878
horseback_riding_service,22663,0.02630215025387964
bubble_tea,22466,0.02607351663961788
mattress_store,22283,0.02586113109946609
boat_service_and_repair,22239,0.02581006572369189
pharmaceutical_companies,22231,0.025800781109914763
medical_spa,22088,0.02563481863864861
automation_services,22073,0.0256174099878165
commercial_refrigeration,22010,0.025544293654321617
animal_shelter,21925,0.02544564463293964
truck_repair,21815,0.02531798119350414
filipino_restaurant,21675,0.02515550045240441
hiking_trail,21669,0.025148536992071566
music_and_dvd_store,21416,0.02485491108136991
pet_sitting,21306,0.024727247641934413
music_school,21284,0.024701714954047313
outlet_store,21043,0.024422015964011355
carpet_cleaning,20979,0.02434773905379433
water_park,20948,0.024311761175407967
horse_riding,20924,0.024283907334076583
winery,20844,0.02419106119630531
building_contractor,20680,0.024000726613874198
public_health_clinic,20662,0.02397983623287566
kids_recreation_and_party,20515,0.023809231454720945
bookkeeper,20446,0.023729151660893226
bartender,20361,0.023630502639511244
community_museum,20357,0.02362586033262268
b2b_furniture_and_housewares,20337,0.023602648798179863
luggage_store,20242,0.023492394009576475
music_production,20231,0.023479627665632927
online_shop,20109,0.023338037305531734
disability_services_and_support_organization,19855,0.02304325081810794
southern_restaurant,19792,0.02297013448461306
movers,19782,0.022958528717391655
laser_hair_removal,19782,0.022958528717391655
radio_station,19769,0.022943441220003823
drive_in_theater,19742,0.022912105648506015
boot_camp,19681,0.02284131046845542
adult_entertainment,19625,0.022776318172015527
fire_department,19559,0.022699720108354228
movie_television_studio,19545,0.022683472034244253
gelato,19536,0.022673026843744986
hindu_temple,19381,0.022493137451813146
doner_kebab,19199,0.022281912488383498
b2b_apparel,19198,0.022280751911661355
acupuncture,19154,0.022229686535887156
auto_glass_service,18768,0.02178170392114076
skate_park,18664,0.021661003942038105
soup_restaurant,18612,0.021600653952486778
towing_service,18561,0.021541464539657593
media_agency,18419,0.021376662645113582
computer_coaching,18395,0.0213488088037822
sightseeing_tour_agency,18334,0.021278013623731603
theatrical_productions,18321,0.02126292612634377
equestrian_facility,18312,0.021252480935844503
soccer_stadium,18285,0.021221145364346695
safety_equipment,18219,0.021144547300685396
mosque,18181,0.021100445385244044
roofing,18136,0.0210482194327477
health_department,18120,0.021029650205193446
bike_rentals,18112,0.021020365591416318
fishmonger,18024,0.02091823483986792
hair_extensions,17873,0.020742987754824638
greek_restaurant,17834,0.020697725262661143
botanical_garden,17811,0.020671031998051904
mobile_phone_accessories,17563,0.020383208970960954
donuts,17551,0.020369282050295263
trucks_and_industrial_vehicles,17540,0.020356515706351715
currency_exchange,17415,0.0202114436160841
appraisal_services,17305,0.020083780176648598
orthopedist,17303,0.020081459023204316
e_cigarette_store,16640,0.019311996656424888
skilled_nursing,16606,0.019272537047872094
mobile_phone_repair,16603,0.019269055317705674
lighting_store,16537,0.019192457254044372
linen,16487,0.019134428417937326
pilates_studio,16462,0.019105413999883802
truck_rentals,16325,0.018946414988950496
private_association,16112,0.01869921214713448
surgical_center,16093,0.018677161189413805
flooring_store,16092,0.018676000612691663
meditation_center,16080,0.018662073692025972
energy_equipment_and_solution,16040,0.018615650623140335
emergency_roadside_service,15921,0.018477541993205567
karaoke,15909,0.018463615072539876
self_storage_facility,15809,0.018347557400325783
hvac_supplier,15780,0.018313900675383694
b2b_farming,15769,0.018301134331440146
excavation_service,15696,0.018216412230723858
merchandising_service,15554,0.018051610336179847
obstetrician_and_gynecologist,15521,0.0180133113043492
water_treatment_equipment_and_services,15443,0.017922786320022206
recycling_center,15400,0.017872881520970146
taiwanese_restaurant,15397,0.017869399790803726
personal_injury_law,15390,0.01786127575374874
traffic_school,15289,0.017744057504812505
surfing,15285,0.017739415197923943
sake_bar,15277,0.017730130584146814
chocolatier,15243,0.01769067097559402
rental_kiosks,15198,0.017638445023097683
casino,15167,0.017602467144711312
lingerie_store,15052,0.017469000821665106
hunting_and_fishing_supplies,15032,0.01744578928722229
restaurant_wholesale,14979,0.01738427872094882
employment_law,14960,0.017362227763228145
department_of_motor_vehicles,14928,0.017325089308119632
notary_public,14900,0.01729259315989969
motorcycle_manufacturer,14874,0.017262418165124024
sports_bar,14776,0.017148681646354212
automotive_consultant,14766,0.017137075879132803
fishing_club,14743,0.017110382614523564
builders,14717,0.0170802076197479
truck_dealer,14664,0.01701869705347443
weight_loss_center,14657,0.017010573016419443
e_commerce_service,14558,0.016895675920927493
musical_instrument_store,14533,0.01686666150287397
pet_breeder,14474,0.016798187476267656
key_and_locksmith,14328,0.01662874327483508
condominium,14164,0.016438408692403973
audiologist,14154,0.016426802925182563
water_heater_installation_repair,14081,0.016342080824466275
malaysian_restaurant,14058,0.016315387559857036
clinical_laboratories,14018,0.016268964490971396
dj_service,13941,0.016179600083366545
oil_and_gas,13914,0.016148264511868744
home_and_rental_insurance,13838,0.016060060680986032
local_and_state_government_offices,13803,0.0160194404957111
private_investigation,13702,0.01590222224677487
bus_station,13698,0.015897579939886306
dermatologist,13666,0.015860441484777794
plastic_fabrication_company,13485,0.015650377098070288
plastic_manufacturer,13402,0.015554049230132592
machine_and_tool_rentals,13368,0.0155145896215798
waxing,13356,0.01550066270091411
costume_store,13329,0.015469327129416304
custom_clothing,13323,0.01546236366908346
flea_market,13208,0.015328897346037255
marina,13181,0.01529756177453945
hydraulic_equipment_supplier,12982,0.015066607006833406
limo_services,12966,0.015048037779279152
abuse_and_addiction_treatment,12941,0.015019023361225627
videographer,12930,0.015006257017282079
horse_boarding,12918,0.014992330096616388
airport_terminal,12885,0.014954031064785739
boat_rental_and_training,12817,0.014875111847680155
structural_engineer,12805,0.014861184927014463
hot_dog_restaurant,12736,0.01478110513318674
passport_and_visa_services,12632,0.014660405154084084
plastic_surgeon,12611,0.014636033042919125
housing_authorities,12599,0.014622106122253434
tiling,12564,0.014581485936978502
logging_services,12430,0.01442596865621162
mills,12409,0.014401596545046658
beer_wine_and_spirits,12407,0.014399275391602379
golf_course,12400,0.014391151354547393
laundry_services,12399,0.01438999077782525
civilization_museum,12391,0.014380706164048124
boat_tours,12306,0.014282057142666145
medical_school,12201,0.014160196586841348
wood_and_pulp,12176,0.014131182168787825
boat_parts_and_accessories,12160,0.01411261294123357
electronic_parts_supplier,12129,0.014076635062847202
b2b_storage_and_warehouses,12109,0.014053423528404383
hookah_bar,12105,0.014048781221515821
tire_shop,12069,0.014007000459518746
electric_utility_provider,12067,0.014004679306074465
international_business_and_trade_services,12024,0.013954774507022406
occupational_safety,11989,0.013914154321747474
dairy_farm,11793,0.013686681284207853
amateur_sports_league,11782,0.013673914940264304
kitchen_and_bath,11656,0.013527682273274546
wheel_and_rim_repair,11528,0.013379128452840512
electrical_supply_store,11435,0.013271194817681404
maternity_centers,11434,0.013270034240959265
hospice,11414,0.013246822706516444
tree_services,11405,0.013236377516017176
labor_union,11312,0.01312844388085807
cabinet_sales_service,11244,0.013049524663752489
pan_asian_restaurant,11236,0.013040240049975362
auditorium,11092,0.01287311700198707
prenatal_perinatal_care,11084,0.012863832388209942
alcohol_and_drug_treatment_centers,11050,0.012824372779657152
packing_supply,10983,0.01274661413927371
designer_clothing,10965,0.012725723758275173
hotel_supply_service,10951,0.0127094756841652
pop_up_shop,10939,0.01269554876349951
peruvian_restaurant,10928,0.01268278241955596
pool_billiards,10924,0.012678140112667394
dim_sum_restaurant,10901,0.012651446848058155
gymnastics_center,10871,0.012616629546393927
educational_supply_store,10860,0.012603863202450378
child_care_and_day_care,10844,0.012585293974896121
lottery_ticket,10723,0.012444864191517071
tennis_court,10678,0.012392638239020728
airlines,10674,0.012387995932132165
educational_camp,10611,0.012314879598637288
fence_and_gate_sales_service,10588,0.012288186334028046
credit_and_debt_counseling,10576,0.012274259413362356
bagel_shop,10561,0.012256850762530242
apartments,10558,0.01225336903236382
patio_covers,10488,0.012172128661813955
airport_shuttles,10446,0.012123384439484037
caribbean_restaurant,10358,0.012021253687935635
car_stereo_store,10291,0.011943495047552195
security_services,10263,0.011910998899332248
race_track,10248,0.011893590248500134
fish_and_chips_restaurant,10241,0.011885466211445149
career_counseling,10121,0.011746197004788237
railroad_freight,10120,0.011745036428066097
book_magazine_distribution,10040,0.011652190290294824
zoo,10004,0.01161040952829775
tax_office,10000,0.011605767221409186
holding_companies,9949,0.011546577808579999
ryokan,9949,0.011546577808579999
architecture,9948,0.01154541723185786
restaurant_equipment_and_supply,9890,0.011478103781973685
real_estate_law,9841,0.01142123552258878
courthouse,9794,0.011366688416648157
business_office_supplies_and_stationery,9701,0.011258754781489052
mining,9665,0.011216974019491979
septic_services,9606,0.011148499992885665
commercial_printer,9572,0.011109040384332873
food_and_beverage_consultant,9521,0.011049850971503686
rental_services,9502,0.011027800013783009
teeth_whitening,9500,0.011025478860338727
recreational_vehicle_dealer,9461,0.010980216368175233
palace,9458,0.010976734638008809
bottled_water_company,9419,0.010931472145845313
castle,9404,0.010914063495013199
junk_removal_and_hauling,9401,0.010910581764846777
pet_boarding,9378,0.010883888500237535
festival,9331,0.010829341394296912
fertility,9295,0.010787560632299839
wellness_program,9288,0.010779436595244853
hearing_aid_provider,9262,0.010749261600469188
record_label,9241,0.010724889489304229
fair,9229,0.010710962568638538
courier_and_delivery_services,9180,0.010654094309253634
pressure_washing,9171,0.010643649118754366
dog_trainer,9158,0.010628561621366533
architect,9127,0.010592583742980164
wills_trusts_and_probate,9117,0.010580977975758755
uniform_store,9117,0.010580977975758755
portuguese_restaurant,9083,0.010541518367205963
family_counselor,8873,0.01029779725555637
waterfall,8851,0.01027226456766927
natural_hot_springs,8826,0.010243250149615747
metal_materials_and_experts,8793,0.010204951117785098
automotive_storage_facility,8769,0.010177097276453715
lighting_fixtures_and_equipment,8769,0.010177097276453715
boxing_class,8735,0.010137637667900925
asian_fusion_restaurant,8727,0.010128353054123797
mobile_home_dealer,8711,0.010109783826569543
modern_art_museum,8694,0.010090054022293146
granite_supplier,8674,0.010066842487850329
truck_repair_and_services_for_businesses,8640,0.010027382879297537
arabian_restaurant,8639,0.010026222302575397
reflexology,8597,0.009977478080245478
steel_fabricators,8553,0.009926412704471277
cheese_shop,8510,0.009876507905419218
assisted_living_facility,8503,0.009868383868364231
driving_school,8501,0.00986606271491995
psychic,8451,0.009808033878812903
hockey_field,8432,0.009785982921092225
gutter_service,8417,0.009768574270260112
osteopathic_physician,8409,0.009759289656482985
bridge,8353,0.009694297360043094
professional_sports_team,8348,0.009688494476432389
garage_door_service,8348,0.009688494476432389
betting_center,8315,0.009650195444601738
convents_and_monasteries,8264,0.00959100603177255
water_supplier,8242,0.009565473343885453
baseball_field,8235,0.009557349306830465
shooting_range,8199,0.009515568544833392
pancake_house,8178,0.009491196433668433
biotechnology_company,8171,0.009483072396613446
horse_trainer,8151,0.009459860862170627
boat_dealer,8130,0.009435488751005668
cave,8120,0.009423882983784259
media_news_website,8118,0.009421561830339978
aquarium,8030,0.009319431078791577
anglican_church,7934,0.009208015713466048
government_services,7892,0.00915927149113613
specialty_foods,7884,0.009149986877359002
auto_electrical_repair,7881,0.00914650514719258
land_surveying,7878,0.009143023417026157
aromatherapy,7827,0.00908383400419697
party_equipment_rental,7794,0.00904553497236632
handyman,7700,0.008936440760485073
cajun_and_creole_restaurant,7632,0.00885752154337949
immigration_law,7618,0.008841273469269518
flooring_contractors,7618,0.008841273469269518
shoe_repair,7594,0.008813419627938137
radiologist,7581,0.008798332130550304
ski_resort,7493,0.008696201379001903
t_shirt_store,7379,0.008563895632677839
onsen,7304,0.00847685237851727
jail_and_prison,7304,0.00847685237851727
stone_and_masonry,7295,0.008466407188018003
reptile_shop,7278,0.008446677383741606
pipe_supplier,7241,0.008403736045022392
pest_control_service,7224,0.008384006240745995
sport_equipment_rentals,7215,0.008373561050246727
knitting_supply,7145,0.008292320679696864
african_restaurant,7131,0.00827607260558689
hotel_bar,7083,0.008220364922924127
contemporary_art_museum,7070,0.008205277425536296
shredding_services,7031,0.0081600149333728
electronics_repair_shop,7019,0.008146088012707109
appliance_manufacturer,6986,0.008107788980876458
beach_resort,6984,0.008105467827432176
lebanese_restaurant,6966,0.00808457744643364
hair_replacement,6930,0.008042796684436566
farming_equipment_store,6922,0.008033512070659438
agricultural_engineering_service,6891,0.007997534192273071
jewelry_manufacturer,6889,0.007995213038828788
ferry_boat_company,6886,0.007991731308662365
patisserie_cake_shop,6861,0.007962716890608844
airline,6856,0.007956914006998139
food_consultant,6832,0.007929060165666756
dog_walkers,6787,0.007876834213170415
security_systems,6773,0.007860586139060441
home_staging,6733,0.007814163070174806
emissions_inspection,6731,0.007811841916730524
national_security_services,6708,0.007785148652121283
paving_contractor,6667,0.007737565006513505
dive_bar,6585,0.00764239771529795
homeless_shelter,6520,0.0075669602283587895
frozen_yoghurt_shop,6510,0.00755535446113738
cardiologist,6506,0.007550712154248817
atv_rentals_and_tours,6482,0.0075228583129174345
it_support_and_service,6478,0.007518216006028871
home_theater_systems_stores,6468,0.007506610238807462
fondue_restaurant,6421,0.007452063132866839
eastern_european_restaurant,6415,0.007445099672533994
beverage_store,6315,0.007329042000319902
wrap_restaurant,6313,0.007326720846875619
video_game_store,6308,0.0073209179632649155
podiatrist,6296,0.007306991042599223
pawn_shop,6290,0.007300027582266378
cards_and_stationery_store,6287,0.007296545852099956
tax_services,6284,0.007293064121933533
gun_and_ammo,6282,0.007290742968489251
ear_nose_and_throat,6260,0.00726521028060215
cosmetology_school,6238,0.007239677592715051
printing_equipment_and_supply,6230,0.0072303929789379225
travel_agents,6226,0.007225750672049359
medical_transportation,6205,0.0072013785608844
endodontist,6138,0.007123619920500959
mobile_home_park,6133,0.007117817036890254
car_window_tinting,6130,0.007114335306723831
telephone_services,6108,0.007088802618836732
furniture_manufacturers,6068,0.007042379549951095
scuba_diving_center,6058,0.007030773782729685
health_insurance_office,6026,0.006993635327621176
forest,5975,0.006934445914791989
ceiling_service,5968,0.006926321877737003
trailer_dealer,5938,0.006891504576072775
oncologist,5927,0.006878738232129225
petting_zoo,5911,0.00686016900457497
recreation_vehicle_repair,5867,0.00680910362880077
dog_park,5847,0.006785892094357952
scientific_laboratories,5812,0.0067452719090830195
canadian_restaurant,5800,0.006731344988417329
musical_instrument_services,5781,0.006709294030696651
pretzels,5775,0.006702330570363805
textile_mill,5755,0.006679119035920987
flatbread,5753,0.006676797882476705
periodontist,5661,0.006570024824039741
video_film_production,5609,0.006509674834488412
video_and_video_game_rentals,5599,0.006498069067267003
trophy_shop,5556,0.0064481642682149435
argentine_restaurant,5543,0.006433076770827112
swimwear_store,5534,0.006422631580327845
fitness_exercise_equipment,5515,0.006400580622607167
bus_rentals,5506,0.006390135432107898
plastic_company,5479,0.006358799860610094
laser_eye_surgery_lasik,5473,0.006351836400277248
glass_manufacturer,5466,0.006343712363222262
beach_equipment_rentals,5430,0.006301931601225189
canoe_and_kayak_hire_service,5423,0.006293807564170202
prosthetics,5358,0.006218370077231042
animal_rescue_service,5333,0.006189355659177519
fish_farm,5309,0.006161501817846137
theaters_and_performance_venues,5309,0.006161501817846137
powder_coating_service,5258,0.006102312405016951
trailer_rentals,5257,0.0061011518282948094
austrian_restaurant,5236,0.0060767797171298495
driving_range,5233,0.006073297986963427
door_sales_service,5220,0.006058210489575596
home_inspector,5194,0.006028035494799931
image_consultant,5159,0.005987415309525
prosthodontist,5152,0.005979291272470013
poultry_farm,5145,0.005971167235415026
pakistani_restaurant,5136,0.005960722044915758
hospital_equipment_and_supplies,5101,0.005920101859640826
rehabilitation_center,5089,0.005906174938975136
mission,5063,0.005875999944199471
bowling_alley,5036,0.005844664372701666
alternative_medicine,5031,0.005838861489090962
scandinavian_restaurant,5025,0.005831898028758116
marriage_or_relationship_counselor,5011,0.0058156499546481435
stress_management_services,4986,0.00578663553659462
psychiatrist,4983,0.005783153806428198
belgian_restaurant,4976,0.005775029769373211
wig_store,4957,0.005752978811652534
b2b_cleaning_and_waste_management,4931,0.00572280381687687
vending_machine_supplier,4914,0.005703074012600474
sculpture_statue,4831,0.0056067461446627775
scuba_diving_instruction,4820,0.0055939798007192286
neurologist,4804,0.005575410573164973
logging_contractor,4800,0.005570768266276409
track_stadium,4800,0.005570768266276409
atv_recreation_park,4799,0.005569607689554269
synagogue,4793,0.005562644229221423
shades_and_blinds,4785,0.005553359615444295
fireplace_service,4782,0.005549877885277873
natural_gas_supplier,4779,0.00554639615511145
cooking_school,4651,0.0053978423346774124
trains,4615,0.005356061572680339
department_of_social_service,4613,0.005353740419236057
threading_service,4542,0.005271339471964053
health_market,4491,0.005212150059134866
cosmetic_products_manufacturer,4487,0.005207507752246303
mattress_manufacturing,4477,0.0051959019850248925
mountain_bike_trails,4463,0.00517965391091492
junkyard,4450,0.005164566413527088
bags_luggage_company,4408,0.00511582219119717
pet_adoption,4354,0.0050531510482015604
shaved_ice_shop,4320,0.005013691439648769
embassy,4304,0.004995122212094514
vehicle_shipping,4272,0.004957983756986004
cricket_ground,4239,0.004919684725155355
translating_and_interpreting_services,4225,0.004903436651045381
irish_pub,4220,0.004897633767434677
metal_plating_service,4206,0.004881385693324704
auction_house,4182,0.004853531851993322
basketball_court,4174,0.0048442472382161945
australian_restaurant,4162,0.004830320317550503
diving_center,4086,0.004742116486667794
emergency_service,4077,0.004731671296168525
furniture_accessory_store,4073,0.004727028989279962
milkshake_bar,4037,0.004685248227282889
customized_merchandise,4028,0.00467480303678362
political_party_office,4018,0.004663197269562211
urgent_care_clinic,4017,0.00466203669284007
fishing_charter,3999,0.004641146311841533
science_museum,3989,0.004629540544620125
laboratory,3987,0.004627219391175843
tax_law,3984,0.00462373766100942
airport_lounge,3960,0.0045958838196780375
agricultural_production,3957,0.004592402089511615
nanny_services,3951,0.00458543862917877
live_and_raw_food_restaurant,3904,0.004530891523238147
halfway_house,3902,0.004528570369793865
public_transportation,3885,0.00450884056551747
bus_tours,3874,0.004496074221573919
art_restoration,3864,0.00448446845435251
distillery,3828,0.004442687692355437
well_drilling,3811,0.004422957888079041
packing_services,3807,0.004418315581190478
chicken_wings_restaurant,3795,0.004404388660524786
sunglasses_store,3790,0.004398585776914082
furniture_reupholstery,3788,0.0043962646234698
bankruptcy_law,3764,0.004368410782138418
family_service_center,3751,0.004353323284750586
tobacco_company,3742,0.004342878094251317
soul_food,3738,0.004338235787362754
night_market,3734,0.004333593480474191
pet_training,3734,0.004333593480474191
sugaring,3733,0.004332432903752049
swimming_instructor,3727,0.0043254694434192035
elevator_service,3688,0.004280206951255708
ice_skating_rink,3639,0.004223338691870803
domestic_business_and_trade_organizations,3631,0.004214054078093676
newspaper_and_magazines_store,3623,0.0042047694643165484
hawaiian_restaurant,3621,0.004202448310872266
window_washing,3616,0.004196645427261562
livestock_feed_and_supply_store,3607,0.004186200236762294
escrow_services,3586,0.004161828125597335
pool_and_hot_tub_services,3577,0.004151382935098066
jazz_and_blues,3576,0.004150222358375925
it_consultant,3574,0.0041479012049316435
environmental_testing,3548,0.004117726210155979
rv_rentals,3529,0.004095675252435302
pier,3513,0.004077106024881047
real_estate_photography,3513,0.004077106024881047
secretarial_services,3495,0.004056215643882511
road_structures_and_services,3487,0.004046931030105384
maternity_wear,3458,0.004013274305163296
warehouses,3455,0.004009792574996874
school_sports_team,3454,0.004008631998274733
transmission_repair,3426,0.003976135850054787
rock_climbing_spot,3418,0.00396685123627766
estate_planning_law,3412,0.003959887775944814
gastroenterologist,3398,0.003943639701834842
ip_and_internet_law,3365,0.0039053406700041912
chimney_service,3337,0.003872844521784246
tile_store,3323,0.003856596447674273
glass_blowing,3299,0.003828742606342891
first_aid_class,3277,0.0038032099184557903
home_decor,3252,0.0037741955004022675
writing_service,3204,0.0037184878177395036
watch_store,3199,0.003712684934128799
general_litigation,3196,0.003709203203962376
vacation_rental_agents,3188,0.0036999185901852487
pulmonologist,3173,0.003682509939353135
telemarketing_services,3163,0.0036709041721317255
process_servers,3138,0.003641889754078203
personal_chef,3136,0.003639568600633921
hat_shop,3136,0.003639568600633921
landscape_architect,3127,0.0036291234101346525
allergist,3123,0.003624481103246089
bathroom_remodeling,3113,0.0036128753360246796
nephrologist,3095,0.003591984955026143
vascular_medicine,3091,0.0035873426481375795
home_organization,3054,0.003544401309418366
urologist,3030,0.0035165474680869833
flight_school,3012,0.003495657087088447
motorcycle_gear,3004,0.0034863724733113196
hair_stylist,3004,0.0034863724733113196
kitchen_remodeling,2998,0.003479409012978474
cannabis_clinic,2990,0.0034701243992013467
animal_hospital,2985,0.0034643215155906425
stone_supplier,2977,0.003455036901813515
windshield_installation_and_repair,2977,0.003455036901813515
metal_detector_services,2965,0.0034411099811478244
esports_league,2957,0.0034318253673706967
package_locker,2956,0.0034306647906485557
geological_services,2946,0.003419059023427146
endocrinologist,2934,0.0034051321027614555
industrial_spares_and_products_wholesaler,2929,0.0033993292191507505
baseball_stadium,2917,0.00338540229848506
optical_wholesaler,2892,0.003356387880431537
radio_and_television_commercials,2883,0.0033459426899322686
traditional_clothing,2883,0.0033459426899322686
venue_and_event_space,2871,0.0033320157692665778
gay_bar,2868,0.0033285340391001547
academic_bookstore,2865,0.003325052308933732
importer_and_exporter,2833,0.0032879138538252227
telecommunications,2827,0.003280950393492377
himalayan_nepalese_restaurant,2827,0.003280950393492377
automobile_registration_service,2823,0.0032763080866038134
automotive_wheel_polishing_service,2803,0.0032530965521609953
tools_wholesaler,2797,0.0032461330918281493
motorcycle_rentals,2785,0.003232206171162459
hazardous_waste_disposal,2769,0.003213636943608204
ski_and_snowboard_shop,2758,0.0032008705996646536
polish_restaurant,2755,0.003197388869498231
kids_hair_salon,2753,0.003195067716053949
public_toilet,2751,0.0031927465626096674
astrologer,2732,0.00317069560488899
custom_cakes_shop,2731,0.0031695350281668484
guest_house,2724,0.003161410991111862
window_supplier,2716,0.0031521263773347354
collection_agencies,2714,0.003149805223890453
meat_shop,2709,0.0031440023402797487
archery_range,2698,0.003131235996336199
surf_shop,2675,0.0031045427317269573
drone_store,2660,0.0030871340808948434
blood_and_plasma_donation_center,2655,0.003081331197284139
eyelash_service,2652,0.0030778494671177166
observatory,2652,0.0030778494671177166
b2b_autos_and_vehicles,2650,0.0030755283136734346
baby_gear_and_furniture,2644,0.003068564853340589
snorkeling_equipment_rental,2635,0.0030581196628413207
ice_cream_and_frozen_yoghurt,2635,0.0030581196628413207
ski_and_snowboard_school,2616,0.003036068705120643
electrical_wholesaler,2610,0.003029105244787798
drywall_services,2602,0.0030198206310106707
tv_mounting,2589,0.0030047331336228384
horse_equipment_shop,2572,0.002985003329346443
swiss_restaurant,2571,0.002983842752624302
money_transfer_services,2563,0.0029745581388471746
gluten_free_restaurant,2559,0.0029699158319586106
professional_sports_league,2537,0.002944383144071511
sandblasting_service,2533,0.002939740837182947
foot_care,2531,0.0029374196837386652
child_protection_service,2530,0.002936259107016524
nursing_school,2528,0.0029339379535722426
whiskey_bar,2527,0.0029327773768501016
aquarium_services,2526,0.0029316168001279606
colombian_restaurant,2526,0.0029316168001279606
farm_equipment_and_supply,2526,0.0029316168001279606
speakeasy,2524,0.0029292956466836786
fort,2512,0.0029153687260179877
jamaican_restaurant,2483,0.002881712001075901
circus,2482,0.00288055142435376
sports_medicine,2481,0.0028793908476316193
historical_tours,2480,0.0028782302709094783
interlock_system,2462,0.002857339889910942
health_and_wellness_club,2438,0.0028294860485795596
pie_shop,2432,0.002822522588246714
chimney_cake_shop,2414,0.0028016322072481775
distribution_services,2401,0.0027865447098603456
escape_rooms,2400,0.0027853841331382046
catalan_restaurant,2394,0.0027784206728053594
afghan_restaurant,2366,0.0027459245245854136
road_contractor,2353,0.0027308370271975817
furniture_wholesalers,2329,0.0027029831858661995
korean_grocery_store,2320,0.0026925379953669313
duplication_services,2319,0.0026913774186447907
demolition_service,2313,0.002684413958311945
scrap_metals,2305,0.0026751293445348174
crops_production,2302,0.002671647614368395
copywriting_service,2284,0.0026507572333698583
cycling_classes,2270,0.0026345091592598854
eyebrow_service,2266,0.0026298668523713218
skate_shop,2264,0.0026275456989270397
health_consultant,2260,0.002622903392038476
hockey_arena,2252,0.002613618778261349
shipping_collection_services,2244,0.0026043341644842216
school_sports_league,2216,0.002571838016264276
bird_shop,2208,0.002562553402487148
bail_bonds_service,2187,0.002538181291322189
childrens_museum,2182,0.0025323784077114844
desert,2169,0.0025172909103236525
international_restaurant,2161,0.0025080062965465253
siding,2160,0.0025068457198243843
insulation_installation,2152,0.002497561106047257
leather_goods,2139,0.002482473608659425
iron_and_steel_store,2125,0.002466225534549452
rodeo,2123,0.0024639043811051703
motor_freight_trucking,2123,0.0024639043811051703
personal_assistant,2112,0.0024511380371616204
supernatural_reading,2109,0.002447656306995198
contract_law,2109,0.002447656306995198
golf_instructor,2096,0.0024325688096073655
woodworking_supply_store,2094,0.002430247656163084
piercing,2091,0.002426765925996661
laser_tag,2072,0.0024047149682759833
bangladeshi_restaurant,2068,0.00240007266138742
rugby_pitch,2063,0.002394269777776715
snow_removal_service,2041,0.002368737089889615
payroll_services,2034,0.0023606130528346287
inventory_control_service,2034,0.0023606130528346287
altering_and_remodeling_contractor,2024,0.0023490072856132195
miniature_golf_course,2024,0.0023490072856132195
dialysis_clinic,2023,0.0023478467088910784
orthotics,2007,0.0023292774813368235
bank_equipment_service,2001,0.0023223140210039783
adult_education,1995,0.0023153505606711327
tennis_stadium,1985,0.002303744793449724
iberian_restaurant,1973,0.0022898178727840325
aesthetician,1970,0.00228633614261761
health_coach,1969,0.002285175565895469
home_window_tinting,1964,0.0022793726822847643
indo_chinese_restaurant,1949,0.0022619640314526504
adoption_services,1938,0.0022491976875091005
sex_therapist,1936,0.0022468765340648185
publicity_service,1895,0.002199292888457041
massage_school,1894,0.0021981323117349
jet_skis_rental,1890,0.002193490004846336
water_purification_services,1885,0.0021876871212356316
auto_upholstery,1878,0.0021795630841806453
sikh_temple,1865,0.002164475586792813
georgian_restaurant,1862,0.0021609938566263904
life_insurance,1848,0.0021447457825164175
tattoo,1845,0.002141264052349995
translation_services,1835,0.0021296582851285857
occupational_medicine,1824,0.0021168919411850354
bus_service,1823,0.002115731364462895
irish_restaurant,1809,0.002099483290352922
russian_restaurant,1808,0.002098322713630781
shared_office_space,1807,0.00209716213690864
paintball,1799,0.0020878775231315126
kosher_restaurant,1798,0.0020867169464093716
floral_designer,1798,0.0020867169464093716
construction_management,1787,0.0020739506024658218
salsa_club,1785,0.0020716294490215397
unemployment_office,1782,0.002068147718855117
coworking_space,1779,0.002064665988688694
propane_supplier,1773,0.002057702528355849
tai_chi_studio,1772,0.002056541951633708
volleyball_court,1772,0.002056541951633708
moroccan_restaurant,1772,0.002056541951633708
self_catering_accommodation,1766,0.0020495784913008622
luggage_storage,1759,0.002041454454245876
furniture_repair,1757,0.002039133300801594
waterproofing,1755,0.0020368121473573124
snorkeling,1752,0.0020333304171908898
go_kart_club,1745,0.002025206380135903
food_tours,1735,0.002013600612914494
cemeteries,1728,0.0020054765758595076
mobility_equipment_services,1696,0.001968338120750998
emergency_pet_hospital,1692,0.0019636958138624346
hong_kong_style_cafe,1684,0.0019544112000853073
forestry_service,1684,0.0019544112000853073
truck_dealer_for_businesses,1678,0.0019474477397524615
basketball_stadium,1665,0.0019323602423646294
farming_services,1660,0.001926557358753925
ethiopian_restaurant,1651,0.001916112168254657
scooter_dealers,1650,0.001914951591532516
bulgarian_restaurant,1645,0.0019091487079218113
tire_repair_shop,1640,0.0019033458243111064
paddleboarding_center,1618,0.0018778131364240065
cuban_restaurant,1616,0.0018754919829797245
hungarian_restaurant,1611,0.00186968909936902
furniture_rental_service,1607,0.0018650467924804562
bedding_and_bath_stores,1602,0.0018592439088697518
lighthouse,1602,0.0018592439088697518
physician_assistant,1590,0.0018453169882040605
pen_store,1588,0.0018429958347597787
badminton_court,1580,0.0018337112209826515
crane_services,1577,0.0018302294908162289
crisis_intervention_services,1553,0.0018023756494848467
cannabis_collective,1551,0.001800054496040565
food_banks,1550,0.001798893919318424
electricity_supplier,1527,0.001772200654709183
shutters,1508,0.0017501496969885054
rheumatologist,1506,0.0017478285435442234
computer_museum,1492,0.0017315804694342507
firework_retailer,1489,0.001728098739267828
aircraft_repair,1485,0.0017234564323792643
knife_sharpening,1479,0.0017164929720464186
embroidery_and_crochet,1472,0.0017083689349914322
craft_shop,1469,0.0017048872048250096
handicraft_shop,1467,0.0017025660513807278
jewelry_repair_service,1467,0.0017025660513807278
water_delivery,1465,0.0017002448979364457
planetarium,1462,0.0016967631677700231
cancer_treatment_center,1461,0.0016956025910478821
beverage_supplier,1459,0.0016932814376036005
dui_law,1459,0.0016932814376036005
recreational_vehicle_parts_and_accessories,1459,0.0016932814376036005
civic_center,1455,0.0016886391307150365
bathtub_and_sink_repairs,1450,0.0016828362471043323
awning_supplier,1438,0.001668909326438641
batting_cage,1428,0.001657303559217232
vegan_restaurant,1411,0.0016375737549408362
refinishing_services,1405,0.0016306102946079906
media_restoration_service,1401,0.0016259679877194272
sleep_specialist,1394,0.0016178439506644407
air_duct_cleaning_service,1389,0.0016120410670537359
bingo_hall,1385,0.0016073987601651725
opera_and_ballet,1382,0.0016039170299987494
rv_and_boat_storage_facility,1380,0.0016015958765544676
watch_repair_service,1375,0.0015957929929437632
persian_iranian_restaurant,1358,0.0015760631886673677
bistro,1354,0.0015714208817788039
wallpaper_store,1341,0.001556333384390972
squash_court,1339,0.00155401223094669
singaporean_restaurant,1337,0.0015516910775024081
human_resource_services,1328,0.0015412458870031399
business_records_storage_and_management,1317,0.00152847954305959
cement_supplier,1313,0.0015238372361710262
archaeological_services,1307,0.0015168737758381808
choir,1285,0.0014913410879510806
ride_sharing,1278,0.001483217050896094
business_schools,1277,0.0014820564741739532
house_sitting,1274,0.0014785747440075304
cleaning_products_supplier,1271,0.0014750930138411075
art_supply_store,1268,0.001471611283674685
medical_law,1264,0.0014669689767861213
rugby_stadium,1262,0.0014646478233418393
adventure_sports_center,1259,0.0014611660931754165
b2b_rubber_and_plastics,1255,0.001456523786286853
chimney_sweep,1247,0.0014472391725097256
welders,1246,0.0014460785957875846
permanent_makeup,1221,0.0014170641777340616
window_treatment_store,1203,0.0013961737967355251
game_publisher,1202,0.0013950132200133843
basque_restaurant,1179,0.001368319955404143
agriculture_association,1177,0.0013659988019598614
university_housing,1168,0.001355553611460593
golf_club,1165,0.0013520718812941703
cambodian_restaurant,1163,0.0013497507278498885
lighting_fixture_manufacturers,1157,0.0013427872675170428
plasterer,1156,0.001341626690794902
donation_center,1149,0.0013335026537399156
quay,1145,0.0013288603468513517
neuropathologist,1143,0.0013265391934070702
social_welfare_center,1134,0.001316094002907802
farm_equipment_repair_service,1132,0.0013137728494635199
public_market,1124,0.0013044882356863926
footwear_wholesaler,1112,0.0012905613150207015
b2b_tractor_dealers,1110,0.0012882401615764197
home_automation,1086,0.0012603863202450376
ev_charging_station,1081,0.0012545834366343332
boat_parts_and_supply_store,1078,0.0012511017064679103
pain_management,1075,0.0012476199763014875
lactation_services,1072,0.001244138246135065
poke_restaurant,1070,0.0012418170926907829
gerontologist,1070,0.0012418170926907829
heliports,1069,0.001240656515968642
esports_team,1065,0.0012360142090800785
haunted_house,1062,0.0012325324789136556
workers_compensation_law,1061,0.0012313719021915146
social_club,1058,0.0012278901720250918
fencing_club,1054,0.0012232478651365282
aircraft_dealer,1052,0.0012209267116922464
pipeline_transportation,1035,0.0012011969074158509
perfume_store,1023,0.0011872699867501598
avionics_shop,1022,0.001186109410028019
romanian_restaurant,1017,0.0011803065264173144
jehovahs_witness_kingdom_hall,1017,0.0011803065264173144
visitor_center,1016,0.0011791459496951733
roller_skating_rink,1011,0.0011733430660844687
plaza,1011,0.0011733430660844687
battery_store,1010,0.001172182489362328
plus_size_clothing,1004,0.0011652190290294823
czech_restaurant,1003,0.0011640584523073415
polynesian_restaurant,1000,0.0011605767221409186
south_african_restaurant,995,0.001154773838530214
wholesale_florist,995,0.001154773838530214
canal,992,0.0011512921083637914
tiki_bar,990,0.0011489709549195094
freight_forwarding_agency,987,0.0011454892247530868
seafood_market,983,0.001140846917864523
golf_cart_dealer,975,0.0011315623040873957
pharmaceutical_products_wholesaler,974,0.0011304017273652547
mongolian_restaurant,970,0.001125759420476691
wildlife_control,969,0.0011245988437545503
sky_diving,958,0.001111832499811
hypnosis_hypnotherapy,949,0.0011013873093117317
check_cashing_payday_loans,948,0.001100226732589591
water_softening_equipment_supplier,945,0.001096745002423168
animal_assisted_therapy,942,0.0010932632722567455
archery_shop,940,0.0010909421188124635
panamanian_restaurant,937,0.0010874603886460406
kiteboarding,936,0.0010862998119238998
exporters,930,0.0010793363515910544
syrian_restaurant,929,0.0010781757748689134
irrigation,924,0.0010723728912582088
b2b_food_products,921,0.0010688911610917862
anesthesiologist,920,0.0010677305843696451
adult_store,912,0.0010584459705925177
design_museum,909,0.001054964240426095
temp_agency,906,0.0010514825102596723
federal_government_offices,901,0.0010456796266489678
holiday_decorating,897,0.001041037319760404
lawn_service,896,0.0010398767430382632
handbag_stores,894,0.0010375555895939812
paint_store,893,0.0010363950128718404
recording_and_rehearsal_studio,892,0.0010352344361496996
health_retreats,890,0.0010329132827054176
dental_laboratories,880,0.0010213075154840085
egyptian_restaurant,877,0.0010178257853175857
burmese_restaurant,866,0.0010050594413740354
otologist,864,0.0010027382879297538
midwife,846,0.0009818479069312173
podiatry,843,0.0009783661767647945
reiki,834,0.0009679209862655262
paper_mill,829,0.0009621181026548217
electrical_consultant,829,0.0009621181026548217
promotional_products_and_services,829,0.0009621181026548217
editorial_services,817,0.0009481911819891306
episcopal_church,817,0.0009481911819891306
livestock_dealers,807,0.0009365854147677213
sri_lankan_restaurant,805,0.0009342642613234395
taxidermist,803,0.0009319431078791576
salvadoran_restaurant,802,0.0009307825311570168
disc_golf_course,799,0.000927300800990594
student_union,789,0.0009156950337691848
costume_museum,784,0.0009098921501584803
saw_mill,779,0.0009040892665477757
childrens_hospital,778,0.0009029286898256347
sand_and_gravel_supplier,777,0.0009017681131034938
tatar_restaurant,775,0.000899446959659212
ukrainian_restaurant,773,0.0008971258062149301
b2b_sporting_and_recreation_goods,771,0.0008948046527706483
car_stereo_installation,765,0.0008878411924378028
corporate_entertainment_services,762,0.00088435946227138
cartooning_museum,758,0.0008797171553828164
genealogists,750,0.0008704325416056891
fastener_supplier,750,0.0008704325416056891
forklift_dealer,745,0.0008646296579949844
ecuadorian_restaurant,745,0.0008646296579949844
3d_printing_service,745,0.0008646296579949844
cremation_services,737,0.000855345044217857
racquetball_court,718,0.0008332940864971796
digitizing_services,713,0.0008274912028864751
packaging_contractors_and_service,712,0.0008263306261643342
b2b_scientific_equipment,703,0.0008158854356650658
mechanical_engineers,698,0.0008100825520543612
laboratory_equipment_supplier,696,0.0008077613986100795
commissioned_artist,692,0.0008031190917215157
lawn_mower_store,692,0.0008031190917215157
music_production_services,691,0.0008019585149993747
aircraft_manufacturer,687,0.0007973162081108112
trailer_repair,686,0.0007961556313886702
pension,685,0.0007949950546665293
web_hosting_service,680,0.0007891921710558248
produce_wholesaler,680,0.0007891921710558248
medical_sciences_schools,674,0.0007822287107229791
piano_store,672,0.0007799075572786974
engraving,669,0.0007764258271122746
japanese_confectionery_shop,669,0.0007764258271122746
proctologist,667,0.0007741046736679928
animation_studio,662,0.0007683017900572882
traditional_chinese_medicine,658,0.0007636594831687245
national_museum,658,0.0007636594831687245
decorative_arts_museum,654,0.0007590171762801608
carousel,654,0.0007590171762801608
scottish_restaurant,652,0.000756696022835879
car_broker,652,0.000756696022835879
cosmetic_surgeon,651,0.0007555354461137381
architectural_tours,650,0.0007543748693915971
ophthalmologist,646,0.0007497325625030334
car_sharing,645,0.0007485719857808925
chilean_restaurant,643,0.0007462508323366107
seaplane_bases,630,0.0007311633349487787
friterie,630,0.0007311633349487787
textile_museum,630,0.0007311633349487787
firewood,629,0.0007300027582266378
newspaper_advertising,624,0.0007241998746159333
puerto_rican_restaurant,618,0.0007172364142830878
fabric_wholesaler,618,0.0007172364142830878
used_bookstore,615,0.000713754684116665
after_school_program,612,0.0007102729539502422
sports_psychologist,611,0.0007091123772281013
hydraulic_repair_service,610,0.0007079518005059604
wine_tasting_room,608,0.0007056306470616785
hydroponic_gardening,601,0.0006975066100066922
social_security_law,600,0.0006963460332845511
aluminum_supplier,600,0.0006963460332845511
guatemalan_restaurant,599,0.0006951854565624102
leather_products_manufacturer,599,0.0006951854565624102
fire_and_water_damage_restoration,591,0.0006859008427852829
water_store,589,0.0006835796893410011
frozen_foods,588,0.0006824191126188602
asian_art_museum,587,0.0006812585358967193
memory_care,582,0.0006754556522860146
fish_restaurant,581,0.0006742950755638737
housing_cooperative,580,0.0006731344988417328
venezuelan_restaurant,574,0.0006661710385088873
lingerie_wholesaler,573,0.0006650104617867464
dominican_restaurant,572,0.0006638498850646055
shoe_shining_service,570,0.0006615287316203237
bartending_school,567,0.000658047001453901
do_it_yourself_store,565,0.000655725848009619
art_restoration_service,564,0.0006545652712874781
social_media_company,563,0.0006534046945653372
mulled_wine,562,0.0006522441178431963
chambers_of_commerce,561,0.0006510835411210554
food_safety_training,561,0.0006510835411210554
magician,560,0.0006499229643989144
office_cleaning,550,0.0006383171971775052
aggregate_supplier,547,0.0006348354670110825
photographer,538,0.0006243902765118143
goldsmith,538,0.0006243902765118143
nigerian_restaurant,536,0.0006220691230675325
erotic_massage,535,0.0006209085463453914
diagnostic_imaging,533,0.0006185873929011096
court_reporter,532,0.0006174268161789687
country_club,529,0.0006139450860125459
exterior_design,529,0.0006139450860125459
stucco_services,526,0.0006104633558461232
pediatric_infectious_disease,526,0.0006104633558461232
pediatric_radiology,524,0.0006081422024018414
research_institute,519,0.0006023393187911368
international_grocery_store,518,0.0006011787420689958
aviation_museum,518,0.0006011787420689958
weaving_mill,516,0.000598857588624714
balloon_ports,515,0.0005976970119025731
coffee_and_tea_supplies,514,0.0005965364351804322
coach_bus,512,0.0005942152817361503
environmental_abatement_services,511,0.0005930547050140095
coin_dealers,506,0.0005872518214033049
social_and_human_services,500,0.0005802883610704593
molecular_gastronomy_restaurant,499,0.0005791277843483184
rug_store,498,0.0005779672076261775
holiday_park,496,0.0005756460541818957
estate_liquidation,493,0.0005721643240154729
generator_installation_repair,490,0.0005686825938490502
rafting_kayaking_area,487,0.0005652008636826273
cotton_mill,486,0.0005640402869604865
hot_air_balloons_tour,486,0.0005640402869604865
engineering_schools,484,0.0005617191335162046
mediator,484,0.0005617191335162046
honduran_restaurant,483,0.0005605585567940637
abortion_clinic,483,0.0005605585567940637
pathologist,482,0.0005593979800719228
sports_school,476,0.0005524345197390773
data_recovery,474,0.0005501133662947955
sports_museum,470,0.0005454710594062317
ethical_grocery,468,0.0005431499059619499
dental_supply_store,467,0.000541989329239809
bookbinding,465,0.0005396681757955272
duty_free_shop,464,0.0005385075990733862
deck_and_railing_sales_service,464,0.0005385075990733862
railway_service,460,0.0005338652921848226
business_law,458,0.0005315441387405408
boxing_gym,457,0.0005303835620183999
spring_supplier,457,0.0005303835620183999
carpet_installation,456,0.0005292229852962588
community_health_center,454,0.000526901831851977
israeli_restaurant,453,0.0005257412551298361
tanning_bed,451,0.0005234201016855543
hair_loss_center,450,0.0005222595249634134
religious_items,447,0.0005187777947969906
computer_wholesaler,442,0.0005129749111862861
indoor_playcenter,442,0.0005129749111862861
armenian_restaurant,435,0.0005048508741312996
entertainment_law,432,0.0005013691439648769
truck_gas_station,432,0.0005013691439648769
religious_destination,430,0.000499047990520595
tableware_supplier,428,0.0004967268370763132
boxing_club,424,0.0004920845301877496
immigration_assistance_services,424,0.0004920845301877496
state_museum,423,0.0004909239534656086
board_of_education_offices,416,0.00048279991641062215
clock_repair_service,416,0.00048279991641062215
rotisserie_chicken_restaurant,413,0.00047931818624419943
event_technology_service,409,0.00047467587935563576
photography_museum,403,0.0004677124190227902
sheet_metal,398,0.00046190953541208564
flyboarding_center,397,0.0004607489586899447
infectious_disease_specialist,395,0.00045842780524566287
uzbek_restaurant,392,0.00045494607507924015
trampoline_park,388,0.0004503037681906765
vehicle_wrap,387,0.0004491431914685355
oil_refiners,386,0.0004479826147463946
herb_and_spice_shop,383,0.0004445008845799718
photo_booth_rental,382,0.00044334030785783094
customs_broker,381,0.00044217973113569
auto_security,378,0.00043869800096926726
champagne_bar,378,0.00043869800096926726
geriatric_medicine,373,0.0004328951173585627
cannabis_dispensary,372,0.0004317345406364217
self_defense_classes,371,0.00043057396391428087
flower_markets,369,0.000428252810469999
hearing_aids,368,0.00042709223374785805
osteopath,367,0.0004259316570257172
washer_and_dryer_repair_service,363,0.00042128935013715347
talent_agency,361,0.00041896819669287166
rest_stop,351,0.00040736242947146244
masonry_contractors,351,0.00040736242947146244
inspection_services,350,0.0004062018527493216
ultrasound_imaging_center,343,0.0003980778156943351
hang_gliding_center,339,0.0003934355088057714
haitian_restaurant,337,0.00039111435536148955
apartment_agent,332,0.00038531147175078497
television_station,332,0.00038531147175078497
town_car_service,330,0.00038299031830650316
lawn_mower_repair_service,327,0.0003795085881400804
dumpster_rentals,324,0.0003760268579736576
business_signage,323,0.0003748662812515167
outdoor_furniture_store,323,0.0003748662812515167
sauna,322,0.0003737057045293758
nicaraguan_restaurant,322,0.0003737057045293758
ironworkers,321,0.00037254512780723485
foundation_repair,319,0.0003702239743629531
dairy_stores,312,0.00036209993730796665
plastic_injection_molding_workshop,308,0.0003574576304194029
vinyl_record_store,308,0.0003574576304194029
paint_and_sip,305,0.0003539759002529802
debt_relief_services,304,0.00035281532353083925
antenna_service,302,0.00035049417008655744
immigration_and_naturalization,298,0.00034585186319799376
hydrotherapy,295,0.00034237013303157105
bolivian_restaurant,293,0.0003400489795872892
indian_grocery_store,292,0.0003388884028651483
b2b_dairies,289,0.0003354066726987255
private_tutor,286,0.00033192494253230274
pool_hall,284,0.00032960378908802087
ferry_service,283,0.00032844321236587997
social_security_services,282,0.00032728263564373906
school_district_offices,280,0.0003249614821994572
airline_ticket_agency,277,0.0003214797520330345
threads_and_yarns_wholesaler,274,0.0003179980218666117
slovakian_restaurant,273,0.00031683744514447075
ski_area,273,0.00031683744514447075
water_taxi,272,0.0003156768684223299
disability_law,270,0.00031335571497804804
business_financing,270,0.00031335571497804804
exhibition_and_trade_center,266,0.00030871340808948436
acoustical_consultant,264,0.00030639225464520255
emergency_medicine,264,0.00030639225464520255
cryotherapy,262,0.0003040711012009207
billing_services,261,0.0003029105244787798
display_home_center,260,0.0003017499477566389
surfboard_rental,259,0.0003005893710344979
yoga_instructor,256,0.00029710764086807515
poultry_farming,254,0.00029478648742379334
grain_production,254,0.00029478648742379334
ticket_sales,253,0.00029362591070165243
bearing_supplier,252,0.00029246533397951147
trinidadian_restaurant,249,0.00028898360381308876
senegalese_restaurant,249,0.00028898360381308876
country_house,248,0.00028782302709094785
business_brokers,247,0.00028666245036880695
flour_mill,245,0.0002843412969245251
rock_climbing_gym,244,0.0002831807202023842
alcohol_and_drug_treatment_center,244,0.0002831807202023842
mortgage_lender,244,0.0002831807202023842
appellate_practice_lawyers,243,0.00028202014348024327
certification_agency,243,0.00028202014348024327
curry_sausage_restaurant,242,0.0002808595667581023
olive_oil,242,0.0002808595667581023
b2b_forklift_dealers,242,0.0002808595667581023
eatertainment,240,0.0002785384133138205
general_festivals,240,0.0002785384133138205
ice_supplier,240,0.0002785384133138205
psychic_medium,236,0.0002738961064252568
popcorn_shop,236,0.0002738961064252568
tattoo_removal,235,0.00027273552970311587
hospitalist,234,0.00027157495298097496
weather_station,234,0.00027157495298097496
belarusian_restaurant,229,0.0002657720693702704
elder_care_planning,226,0.0002622903392038476
casting_molding_and_machining,226,0.0002622903392038476
power_plants_and_power_plant_service,225,0.0002611297624817067
wedding_chapel,224,0.0002599691857595658
stock_and_bond_brokers,224,0.0002599691857595658
civil_engineers,223,0.0002588086090374249
patent_law,223,0.0002588086090374249
azerbaijani_restaurant,222,0.00025764803231528394
costa_rican_restaurant,220,0.0002553268788710021
piano_bar,219,0.0002541663021488612
herbal_shop,218,0.00025300572542672026
forestry_consultants,218,0.00025300572542672026
diamond_dealer,216,0.00025068457198243845
scale_supplier,215,0.0002495239952602975
public_bath_houses,215,0.0002495239952602975
cigar_bar,214,0.0002483634185381566
musician,213,0.0002472028418160157
go_kart_track,213,0.0002472028418160157
spine_surgeon,211,0.0002448816883717338
wallpaper_installers,210,0.0002437211116495929
spiritual_shop,207,0.00024023938148317014
pizza_delivery_service,206,0.00023907880476102924
rice_mill,205,0.0002379182280388883
soccer_club,204,0.0002367576513167474
shoe_factory,202,0.00023443649787246556
seafood_wholesaler,202,0.00023443649787246556
laser_cutting_service_provider,202,0.00023443649787246556
b2b_truck_equipment_parts_and_accessories,200,0.00023211534442818375
wildlife_hunting_range,197,0.00022863361426176098
honey_farm_shop,196,0.00022747303753962008
climbing_service,194,0.00022515188409533824
dietitian,191,0.00022167015392891547
b2b_hardware,191,0.00022167015392891547
auto_insurance,190,0.00022050957720677454
private_equity_firm,189,0.00021934900048463363
sand_dune,186,0.00021586727031821086
industrial_cleaning_services,184,0.00021354611687392902
indian_sweets_shop,184,0.00021354611687392902
agricultural_seed_store,183,0.0002123855401517881
car_auction,182,0.00021122496342964719
kurdish_restaurant,180,0.00020890380998536535
home_network_installation,179,0.00020774323326322442
ayurveda,178,0.00020658265654108354
closet_remodeling,178,0.00020658265654108354
coal_and_coke,178,0.00020658265654108354
florist,176,0.0002042615030968017
sailing_club,175,0.0002031009263746608
military_surplus_store,174,0.00020194034965251986
corporate_gift_supplier,173,0.00020077977293037893
blacksmiths,173,0.00020077977293037893
gold_buyer,172,0.00019961919620823803
civil_rights_lawyers,172,0.00019961919620823803
audio_visual_production_and_design,169,0.00019613746604181526
b2b_oil_and_gas_extraction_and_services,168,0.00019497688931967435
addiction_rehabilitation_center,167,0.00019381631259753342
trail,167,0.00019381631259753342
grilling_equipment,167,0.00019381631259753342
macarons,166,0.00019265573587539249
pool_and_billiards,166,0.00019265573587539249
wine_wholesaler,166,0.00019265573587539249
framing_store,165,0.00019149515915325158
guitar_store,164,0.00019033458243111065
pet_cemetery_and_crematorium_services,163,0.00018917400570896974
skating_rink,162,0.0001880134289868288
body_contouring,162,0.0001880134289868288
spray_tanning,162,0.0001880134289868288
rice_shop,162,0.0001880134289868288
hydro_jetting,160,0.000185692275542547
registry_office,159,0.00018453169882040607
oil_and_gas_field_equipment_and_services,158,0.00018337112209826516
formal_wear_store,156,0.00018104996865398333
home_energy_auditor,155,0.0001798893919318424
studio_taping,155,0.0001798893919318424
metro_station,154,0.00017872881520970146
box_lunch_supplier,150,0.00017408650832113779
candle_store,150,0.00017408650832113779
typing_services,149,0.00017292593159899688
gemstone_and_mineral,149,0.00017292593159899688
paddleboard_rental,149,0.00017292593159899688
charter_school,148,0.00017176535487685598
axe_throwing,148,0.00017176535487685598
meat_restaurant,147,0.00017060477815471504
direct_mail_advertising,146,0.00016944420143257414
audiovisual_equipment_rental,145,0.0001682836247104332
shopping_passage,144,0.0001671230479882923
auto_loan_provider,143,0.00016596247126615137
iv_hydration,143,0.00016596247126615137
uruguayan_restaurant,143,0.00016596247126615137
low_income_housing,143,0.00016596247126615137
logging_equipment_and_supplies,141,0.00016364131782186953
snowboarding_center,139,0.0001613201643775877
fischbrotchen_restaurant,139,0.0001613201643775877
dinner_theater,139,0.0001613201643775877
sailing_area,139,0.0001613201643775877
medical_cannabis_referral,138,0.00016015958765544676
homeopathic_medicine,134,0.0001555172807668831
dental_hygienist,133,0.00015435670404474218
temple,133,0.00015435670404474218
abrasives_supplier,130,0.00015087497387831944
behavior_analyst,130,0.00015087497387831944
indoor_landscaping,128,0.00014855382043403757
mountain_bike_parks,128,0.00014855382043403757
virtual_reality_center,127,0.00014739324371189667
marble_and_granite_professionals,127,0.00014739324371189667
turnery,127,0.00014739324371189667
bus_ticket_agency,126,0.00014623266698975574
paralegal_services,125,0.00014507209026761483
mobile_home_repair,125,0.00014507209026761483
public_restrooms,124,0.00014391151354547393
ziplining_center,119,0.00013810862993476932
waffle_restaurant,119,0.00013810862993476932
drinking_water_dispenser,119,0.00013810862993476932
outdoor_advertising,119,0.00013810862993476932
food_court,119,0.00013810862993476932
bagel_restaurant,118,0.0001369480532126284
park_and_rides,117,0.00013578747649048748
taxi_rank,117,0.00013578747649048748
aircraft_parts_and_supplies,117,0.00013578747649048748
homeowner_association,117,0.00013578747649048748
tabletop_games,116,0.00013462689976834655
grout_service,113,0.0001311451696019238
walk_in_clinic,113,0.0001311451696019238
musical_band_orchestras_and_symphonies,112,0.0001299845928797829
mobile_dent_repair,111,0.00012882401615764197
scooter_rental,111,0.00012882401615764197
fish_farms_and_hatcheries,111,0.00012882401615764197
valet_service,111,0.00012882401615764197
boat_storage_facility,110,0.00012766343943550106
trade_fair,110,0.00012766343943550106
brasserie,110,0.00012766343943550106
hepatologist,109,0.00012650286271336013
paternity_tests_and_services,108,0.00012534228599121923
gents_tailor,108,0.00012534228599121923
product_design,107,0.0001241817092690783
matchmaker,106,0.0001230211325469374
artificial_turf,105,0.00012186055582479646
montessori_school,104,0.00012069997910265554
pediatric_orthopedic_surgery,104,0.00012069997910265554
immunodermatologist,104,0.00012069997910265554
bathroom_fixture_stores,103,0.00011953940238051462
acne_treatment,102,0.0001183788256583737
b2b_farms,101,0.00011721824893623278
pet_hospice,100,0.00011605767221409188
holiday_decor,100,0.00011605767221409188
esthetician,97,0.00011257594204766912
backpacking_area,96,0.0001114153653255282
cheesesteak_restaurant,96,0.0001114153653255282
country_dance_hall,94,0.00010909421188124635
private_jet_charters,93,0.00010793363515910543
fmcg_wholesaler,91,0.00010561248171482359
cooking_classes,91,0.00010561248171482359
personal_shopper,89,0.00010329132827054177
energy_management_and_conservation_consultants,89,0.00010329132827054177
gunsmith,88,0.00010213075154840085
saree_shop,87,0.00010097017482625993
b2b_equipment_maintenance_and_repair,87,0.00010097017482625993
manufacturing_and_industrial_consultant,86,9.980959810411901e-05
colonics,86,9.980959810411901e-05
piano_services,85,9.86490213819781e-05
lookout,84,9.748844465983718e-05
fingerprinting_service,84,9.748844465983718e-05
warehouse_rental_services_and_yards,83,9.632786793769624e-05
motorsport_vehicle_repair,83,9.632786793769624e-05
public_adjuster,82,9.516729121555532e-05
tenant_and_eviction_law,82,9.516729121555532e-05
transcription_services,81,9.40067144934144e-05
boat_builder,80,9.28461377712735e-05
csa_farm,80,9.28461377712735e-05
brewing_supply_store,78,9.052498432699166e-05
balloon_services,78,9.052498432699166e-05
volunteer_association,78,9.052498432699166e-05
safe_store,77,8.936440760485073e-05
hematology,76,8.820383088270981e-05
skylight_installation,76,8.820383088270981e-05
army_and_navy_store,76,8.820383088270981e-05
team_building_activity,76,8.820383088270981e-05
walking_tours,75,8.704325416056889e-05
tabac,75,8.704325416056889e-05
kickboxing_club,74,8.588267743842799e-05
imported_food,73,8.472210071628707e-05
boat_charter,73,8.472210071628707e-05
lice_treatment,72,8.356152399414615e-05
agriturismo,72,8.356152399414615e-05
childproofing,72,8.356152399414615e-05
stocking,72,8.356152399414615e-05
tubing_provider,69,8.007979382772338e-05
session_photography,68,7.891921710558248e-05
float_spa,67,7.775864038344156e-05
wine_tours,66,7.659806366130064e-05
pasta_shop,66,7.659806366130064e-05
rest_areas,66,7.659806366130064e-05
kitchen_supply_store,64,7.427691021701879e-05
holistic_animal_care,64,7.427691021701879e-05
gymnastics_club,63,7.311633349487787e-05
tower_communication_service,62,7.195575677273696e-05
dumpling_restaurant,61,7.079518005059604e-05
film_festivals_and_organizations,61,7.079518005059604e-05
pet_photography,60,6.963460332845513e-05
taekwondo_club,60,6.963460332845513e-05
potato_restaurant,59,6.84740266063142e-05
geologic_formation,59,6.84740266063142e-05
danish_restaurant,59,6.84740266063142e-05
hot_tubs_and_pools,59,6.84740266063142e-05
mortuary_services,58,6.731344988417327e-05
feng_shui,58,6.731344988417327e-05
fitness_equipment_wholesaler,57,6.615287316203236e-05
tasting_classes,57,6.615287316203236e-05
concierge_medicine,57,6.615287316203236e-05
preventive_medicine,56,6.499229643989145e-05
music_festivals_and_organizations,56,6.499229643989145e-05
neurotologist,56,6.499229643989145e-05
science_schools,55,6.383171971775053e-05
solar_panel_cleaning,55,6.383171971775053e-05
challenge_courses_center,55,6.383171971775053e-05
traffic_ticketing_law,52,6.034998955132777e-05
transport_interchange,51,5.918941282918685e-05
holiday_market,50,5.802883610704594e-05
dance_wear,50,5.802883610704594e-05
attraction_farm,49,5.686825938490502e-05
aerial_tours,49,5.686825938490502e-05
environmental_renewable_natural_resource,49,5.686825938490502e-05
muay_thai_club,47,5.4547105940623175e-05
tui_na,46,5.3386529218482256e-05
hot_springs,46,5.3386529218482256e-05
ranch,46,5.3386529218482256e-05
doula,46,5.3386529218482256e-05
halotherapy,46,5.3386529218482256e-05
boating_places,45,5.222595249634134e-05
cidery,45,5.222595249634134e-05
law_schools,44,5.1065375774200425e-05
media_critic,43,4.9904799052059506e-05
state_park,43,4.9904799052059506e-05
light_rail_and_subway_stations,41,4.758364560777766e-05
pet_transportation,40,4.642306888563675e-05
fraternal_organization,40,4.642306888563675e-05
paraguayan_restaurant,40,4.642306888563675e-05
cable_car_service,40,4.642306888563675e-05
football_club,39,4.526249216349583e-05
volleyball_club,39,4.526249216349583e-05
airsoft_fields,39,4.526249216349583e-05
canyon,39,4.526249216349583e-05
thread_supplier,39,4.526249216349583e-05
surfing_school,38,4.4101915441354906e-05
paddle_tennis_club,38,4.4101915441354906e-05
serbo_croatian_restaurant,37,4.2941338719213994e-05
firearm_training,37,4.2941338719213994e-05
flatbread_restaurant,36,4.1780761997073075e-05
belizean_restaurant,36,4.1780761997073075e-05
horse_racing_track,36,4.1780761997073075e-05
battery_inverter_supplier,35,4.062018527493215e-05
poutinerie_restaurant,35,4.062018527493215e-05
smokehouse,35,4.062018527493215e-05
orchard,34,3.945960855279124e-05
toxicologist,34,3.945960855279124e-05
chamber_of_handicraft,34,3.945960855279124e-05
party_character,34,3.945960855279124e-05
mountain_huts,34,3.945960855279124e-05
blueprinters,34,3.945960855279124e-05
fortune_telling_service,33,3.829903183065032e-05
environmental_medicine,33,3.829903183065032e-05
executive_search_consultants,33,3.829903183065032e-05
henna_artist,33,3.829903183065032e-05
diy_foods_restaurant,33,3.829903183065032e-05
christmas_trees,32,3.713845510850939e-05
clothing_rental,32,3.713845510850939e-05
importers,32,3.713845510850939e-05
children_hall,32,3.713845510850939e-05
wind_energy,31,3.597787838636848e-05
tent_house_supplier,31,3.597787838636848e-05
indoor_golf_center,31,3.597787838636848e-05
blow_dry_blow_out_service,30,3.481730166422756e-05
rock_climbing_instructor,30,3.481730166422756e-05
instrumentation_engineers,30,3.481730166422756e-05
pet_insurance,30,3.481730166422756e-05
calligraphy,29,3.365672494208664e-05
organ_and_tissue_donor_service,29,3.365672494208664e-05
veterans_organization,28,3.2496148219945725e-05
bike_tours,28,3.2496148219945725e-05
undersea_hyperbaric_medicine,26,3.0174994775663884e-05
whale_watching_tours,26,3.0174994775663884e-05
manufacturers_agents_and_representatives,25,2.901441805352297e-05
denim_wear_store,24,2.785384133138205e-05
community_gardens,24,2.785384133138205e-05
houseboat,24,2.785384133138205e-05
parenting_classes,24,2.785384133138205e-05
art_space_rental,24,2.785384133138205e-05
railway_ticket_agent,23,2.6693264609241128e-05
sledding_rental,23,2.6693264609241128e-05
drama_school,23,2.6693264609241128e-05
scout_hall,23,2.6693264609241128e-05
oil_and_gas_exploration_and_development,22,2.5532687887100213e-05
quarries,22,2.5532687887100213e-05
pediatric_pulmonology,22,2.5532687887100213e-05
tower,22,2.5532687887100213e-05
lawn_bowling_club,22,2.5532687887100213e-05
toll_stations,22,2.5532687887100213e-05
retaining_wall_supplier,21,2.4372111164959294e-05
welding_supply_store,21,2.4372111164959294e-05
foster_care_services,21,2.4372111164959294e-05
clown,21,2.4372111164959294e-05
ems_training,21,2.4372111164959294e-05
cpr_classes,20,2.3211534442818375e-05
street_vendor,20,2.3211534442818375e-05
civil_examinations_academy,20,2.3211534442818375e-05
milk_bar,20,2.3211534442818375e-05
qi_gong_studio,20,2.3211534442818375e-05
face_painting,20,2.3211534442818375e-05
wok_restaurant,20,2.3211534442818375e-05
high_gliding_center,20,2.3211534442818375e-05
greengrocer,20,2.3211534442818375e-05
phlebologist,20,2.3211534442818375e-05
kiteboarding_instruction,19,2.2050957720677453e-05
parasailing_ride_service,19,2.2050957720677453e-05
orthopedic_shoe_store,19,2.2050957720677453e-05
racing_experience,19,2.2050957720677453e-05
military_museum,19,2.2050957720677453e-05
golf_equipment,18,2.0890380998536538e-05
fertilizer_store,18,2.0890380998536538e-05
waldorf_school,18,2.0890380998536538e-05
circus_school,18,2.0890380998536538e-05
strip_club,18,2.0890380998536538e-05
vocal_coach,18,2.0890380998536538e-05
apiaries_and_beekeepers,18,2.0890380998536538e-05
fur_clothing,18,2.0890380998536538e-05
visa_agent,17,1.972980427639562e-05
table_tennis_club,17,1.972980427639562e-05
cardio_classes,17,1.972980427639562e-05
beach_bar,17,1.972980427639562e-05
lime_professionals,17,1.972980427639562e-05
cheese_tasting_classes,16,1.8569227554254697e-05
windsurfing_center,16,1.8569227554254697e-05
sperm_clinic,16,1.8569227554254697e-05
empanadas,16,1.8569227554254697e-05
falafel_restaurant,16,1.8569227554254697e-05
ruin,16,1.8569227554254697e-05
oxygen_bar,16,1.8569227554254697e-05
kombucha,15,1.740865083211378e-05
fuel_dock,15,1.740865083211378e-05
back_shop,15,1.740865083211378e-05
pick_your_own_farm,15,1.740865083211378e-05
carpet_dyeing,14,1.6248074109972863e-05
nudist_clubs,14,1.6248074109972863e-05
street_art,14,1.6248074109972863e-05
free_diving_center,14,1.6248074109972863e-05
gravel_professionals,14,1.6248074109972863e-05
grain_elevators,14,1.6248074109972863e-05
caricature,14,1.6248074109972863e-05
rv_storage_facility,14,1.6248074109972863e-05
oriental_restaurant,14,1.6248074109972863e-05
pigs_trotters_restaurant,14,1.6248074109972863e-05
pet_waste_removal,13,1.5087497387831942e-05
psychomotor_therapist,13,1.5087497387831942e-05
photography_classes,13,1.5087497387831942e-05
cheerleading,13,1.5087497387831942e-05
mooring_service,13,1.5087497387831942e-05
pumpkin_patch,13,1.5087497387831942e-05
props,13,1.5087497387831942e-05
dive_shop,13,1.5087497387831942e-05
karate_club,13,1.5087497387831942e-05
officiating_services,13,1.5087497387831942e-05
weather_forecast_services,13,1.5087497387831942e-05
bookmakers,12,1.3926920665691025e-05
farrier_services,12,1.3926920665691025e-05
misting_system_services,12,1.3926920665691025e-05
schnitzel_restaurant,12,1.3926920665691025e-05
cabaret,12,1.3926920665691025e-05
japanese_grocery_store,11,1.2766343943550106e-05
endoscopist,11,1.2766343943550106e-05
child_psychiatrist,11,1.2766343943550106e-05
architecture_schools,11,1.2766343943550106e-05
office_of_vital_records,11,1.2766343943550106e-05
memorial_park,11,1.2766343943550106e-05
golf_cart_rental,11,1.2766343943550106e-05
restaurant_management,10,1.1605767221409188e-05
scavenger_hunts_provider,10,1.1605767221409188e-05
college_counseling,10,1.1605767221409188e-05
dam,10,1.1605767221409188e-05
party_bus_rental,10,1.1605767221409188e-05
game_truck_rental,10,1.1605767221409188e-05
geneticist,10,1.1605767221409188e-05
makerspace,10,1.1605767221409188e-05
concept_shop,10,1.1605767221409188e-05
placenta_encapsulation_service,10,1.1605767221409188e-05
mexican_grocery_store,9,1.0445190499268269e-05
baguettes,9,1.0445190499268269e-05
psychoanalyst,9,1.0445190499268269e-05
shaved_snow_shop,9,1.0445190499268269e-05
skyline,9,1.0445190499268269e-05
pharmacy_schools,9,1.0445190499268269e-05
haute_cuisine_restaurant,9,1.0445190499268269e-05
video_game_critic,9,1.0445190499268269e-05
asian_grocery_store,9,1.0445190499268269e-05
bicycle_path,8,9.284613777127348e-06
b2b_tires,8,9.284613777127348e-06
pop_up_restaurant,8,9.284613777127348e-06
american_football_field,8,9.284613777127348e-06
pediatric_endocrinology,8,9.284613777127348e-06
futsal_field,8,9.284613777127348e-06
turkish_baths,8,9.284613777127348e-06
fidelity_and_surety_bonds,8,9.284613777127348e-06
cardiovascular_and_thoracic_surgeon,8,9.284613777127348e-06
beach_volleyball_court,8,9.284613777127348e-06
bounce_house_rental,8,9.284613777127348e-06
pediatric_gastroenterology,8,9.284613777127348e-06
stargazing_area,8,9.284613777127348e-06
bubble_soccer_field,8,9.284613777127348e-06
tea_wholesaler,8,9.284613777127348e-06
rowing_club,8,9.284613777127348e-06
backflow_services,7,8.124037054986431e-06
movie_critic,7,8.124037054986431e-06
music_critic,7,8.124037054986431e-06
art_tours,7,8.124037054986431e-06
marching_band,6,6.9634603328455125e-06
canteen,6,6.9634603328455125e-06
laotian_restaurant,6,6.9634603328455125e-06
pediatric_nephrology,6,6.9634603328455125e-06
scooter_tours,6,6.9634603328455125e-06
sleepwear,6,6.9634603328455125e-06
supper_club,6,6.9634603328455125e-06
bar_crawl,6,6.9634603328455125e-06
farm_insurance,6,6.9634603328455125e-06
childbirth_education,5,5.802883610704594e-06
piadina_restaurant,5,5.802883610704594e-06
skyscraper,5,5.802883610704594e-06
norwegian_restaurant,5,5.802883610704594e-06
speech_training,5,5.802883610704594e-06
pedicab_service,5,5.802883610704594e-06
kitchen_incubator,5,5.802883610704594e-06
wine_tasting_classes,5,5.802883610704594e-06
background_check_services,4,4.642306888563674e-06
public_phones,4,4.642306888563674e-06
surf_lifesaving_club,4,4.642306888563674e-06
silent_disco,4,4.642306888563674e-06
climbing_class,4,4.642306888563674e-06
pediatric_surgery,4,4.642306888563674e-06
outdoor_movies,4,4.642306888563674e-06
jewish_restaurant,4,4.642306888563674e-06
dog_meat_restaurant,3,3.4817301664227563e-06
barre_classes,3,3.4817301664227563e-06
storefront_clinic,3,3.4817301664227563e-06
orchards_production,3,3.4817301664227563e-06
shinto_shrines,3,3.4817301664227563e-06
atelier,3,3.4817301664227563e-06
bocce_ball_court,3,3.4817301664227563e-06
pediatric_neurology,3,3.4817301664227563e-06
flyboarding_rental,3,3.4817301664227563e-06
bike_parking,3,3.4817301664227563e-06
mobile_clinic,3,3.4817301664227563e-06
market_stall,3,3.4817301664227563e-06
motorcycle_parking,3,3.4817301664227563e-06
bicycle_sharing_location,2,2.321153444281837e-06
spices_wholesaler,2,2.321153444281837e-06
beach_volleyball_club,2,2.321153444281837e-06
kosher_grocery_store,2,2.321153444281837e-06
club_crawl,2,2.321153444281837e-06
crater,2,2.321153444281837e-06
sugar_shack,2,2.321153444281837e-06
striptease_dancer,2,2.321153444281837e-06
acai_bowls,2,2.321153444281837e-06
bulk_billing,2,2.321153444281837e-06
juvenile_detention_center,2,2.321153444281837e-06
gliderports,1,1.1605767221409185e-06
greenhouses,1,1.1605767221409185e-06
major_airports,1,1.1605767221409185e-06
pig_farm,1,1.1605767221409185e-06
beach_combing_area,1,1.1605767221409185e-06
drive_thru_bar,1,1.1605767221409185e-06
trivia_host,1,1.1605767221409185e-06
bungee_jumping_center,1,1.1605767221409185e-06
hockey_equipment,1,1.1605767221409185e-06
party_bike_rental,1,1.1605767221409185e-06
veterinary_schools,1,1.1605767221409185e-06
domestic_airports,1,1.1605767221409185e-06
karaoke_rental,1,1.1605767221409185e-06
ceremonial_clothing,1,1.1605767221409185e-06
bazaars,1,1.1605767221409185e-06
kofta_restaurant,1,1.1605767221409185e-06
chinese_martial_arts_club,1,1.1605767221409185e-06
dui_school,1,1.1605767221409185e-06
boudoir_photography,1,1.1605767221409185e-06
beer_tours,1,1.1605767221409185e-06
wild_game_meats_restaurant,1,1.1605767221409185e-06
tropical_medicine,1,1.1605767221409185e-06
zorbing_center,1,1.1605767221409185e-06
